quarter,time,score,action
רבע 4,02:10,72-73,דווייט וילסון אסיסט
רבע 4,06:41,66-65,יונתן קלר אסיסט
רבע 4,09:20,61-60,עמית ראובן אסיסט
רבע 3,02:18,52-59,גל שטרנברג אסיסט
רבע 3,04:15,42-53,אוהד דקל שחקן נכנס למשחק
רבע 3,04:15,42-53,קינדל היל שחקן יוצא מהמגרש
רבע 2,04:43,34-34,ים שפריר אסיסט
רבע 1,00:03,22-22,ים שפריר החטיא 3 נק׳ (jumpshot)
רבע 1,01:35,16-20,נועם יעקובי אסיסט
רבע 1,04:06,10-11,ים שפריר שחקן נכנס למשחק
רבע 1,04:06,10-11,איתם כהן שחקן יוצא מהמגרש
רבע 1,08:36,2-2,עילי שאול אסיסט
רבע 4,03:41,66-69,ים שפריר סחט עבירה
רבע 4,03:41,66-69,נועם יעקובי עבירה אישית (personal)
רבע 4,02:55,69-71,ים שפריר סחט עבירה
רבע 4,02:55,69-71,אמרי שביט עבירה אישית (personal)
רבע 4,03:15,69-71,רוברט טרנר קליעה 3 נק׳ (jumpshot)
רבע 3,00:39,57-60,ים שפריר איבוד כדור
רבע 3,00:39,57-60,ים שפריר חטיפה
רבע 3,00:39,57-60,נועם יעקובי איבוד כדור
רבע 3,00:50,57-60,נועם יעקובי אסיסט
רבע 3,01:16,54-60,רוברט טרנר ריבאונד הגנה
רבע 3,01:16,54-60,יונתן קלר החטיא 3 נק׳ (jumpshot)
רבע 3,01:16,54-60,ים שפריר ריבאונד הגנה
רבע 3,01:16,54-60,דווייט וילסון החטיא 2 נק׳ (layup)
רבע 4,00:01,80-83,עמית ראובן החטיא 3 נק׳ (jumpshot)
רבע 4,00:04,80-83,עמית ראובן ריבאונד התקפה
רבע 4,00:04,80-83,עמית ראובן זריקת עונשין (2of2)
רבע 4,00:04,80-83,עמית ראובן קליעת עונשין (1of2)
רבע 4,00:04,79-83,אמרי שביט שחקן נכנס למשחק
רבע 4,00:04,79-83,שחר שלמון שחקן יוצא מהמגרש
רבע 4,00:04,79-83,עמית ראובן סחט עבירה
רבע 4,00:04,79-83,עמרי שלף עבירה אישית (personal)
רבע 4,00:07,79-83,קינדל היל קליעת עונשין (2of2)
רבע 4,00:07,79-82,קינדל היל זריקת עונשין (1of2)
רבע 4,00:07,79-82,בן גולד שחקן נכנס למשחק
רבע 4,00:07,79-82,אמרי שביט שחקן יוצא מהמגרש
רבע 4,00:07,79-82,דווייט וילסון שחקן נכנס למשחק
רבע 4,00:07,79-82,בר שינבוים שחקן יוצא מהמגרש
רבע 4,00:07,79-82,קינדל היל סחט עבירה
רבע 4,00:07,79-82,רוברט טרנר עבירה אישית (personal)
רבע 4,00:10,79-82,שחר שלמון שחקן נכנס למשחק
רבע 4,00:10,79-82,דווייט וילסון שחקן יוצא מהמגרש
רבע 4,00:10,79-82,מ.כ עוטף דרום פסק זמן
רבע 4,00:10,79-82,דווייט וילסון קליעה 2 נק׳ (tipindunk)
רבע 4,00:10,77-82,דווייט וילסון ריבאונד התקפה
רבע 4,00:11,77-82,אמרי שביט החטיא 2 נק׳ (layup)
רבע 4,00:13,77-82,מכבי אשדוד ריבאונד הגנה
רבע 4,00:15,77-82,בר שינבוים חסימה של
רבע 4,00:15,77-82,עמרי שלף החטיא 2 נק׳ (layup)
רבע 4,00:20,77-82,ים שפריר ריבאונד הגנה
רבע 4,00:24,77-82,רוברט טרנר החטיא 3 נק׳ (jumpshot)
רבע 4,00:28,77-82,מכבי אשדוד פסק זמן
רבע 4,00:28,77-82,עמרי שלף אסיסט
רבע 4,00:28,77-82,גל שטרנברג קליעה 2 נק׳ (layup)
רבע 4,00:37,77-80,דווייט וילסון קליעה 2 נק׳ (layup)
רבע 4,00:38,75-80,דווייט וילסון ריבאונד התקפה
רבע 4,00:43,75-80,רוברט טרנר החטיא 2 נק׳ (layup)
רבע 4,00:49,75-80,קינדל היל קליעה 2 נק׳ (layup)
רבע 4,00:51,75-78,קינדל היל ריבאונד התקפה
רבע 4,00:56,75-78,ים שפריר החטיא 2 נק׳ (layup)
רבע 4,01:15,75-78,בר שינבוים שחקן נכנס למשחק
רבע 4,01:15,75-78,בן גולד שחקן יוצא מהמגרש
רבע 4,01:15,75-78,מ.כ עוטף דרום פסק זמן
רבע 4,01:15,75-78,רוברט טרנר קליעת עונשין (1of1)
רבע 4,01:15,74-78,עילי שאול שחקן נכנס למשחק
רבע 4,01:15,74-78,נבו זומרפלד שחקן יוצא מהמגרש
רבע 4,01:15,74-78,רוברט טרנר סחט עבירה
רבע 4,01:15,74-78,ים שפריר עבירה אישית (personal)
רבע 4,01:15,74-78,רוברט טרנר קליעה 2 נק׳ (layup)
רבע 4,01:28,72-78,גל שטרנברג אסיסט
רבע 4,01:28,72-78,ים שפריר קליעה 3 נק׳ (jumpshot)
רבע 4,01:43,72-75,עמרי שלף ריבאונד הגנה
רבע 4,01:46,72-75,רוברט טרנר החטיא 3 נק׳ (jumpshot)
רבע 4,01:49,72-75,דווייט וילסון סחט עבירה
רבע 4,01:49,72-75,עמרי שלף עבירה אישית (personal)
רבע 4,02:01,72-75,דווייט וילסון ריבאונד התקפה
רבע 4,02:05,72-75,רוברט טרנר החטיא 3 נק׳ (jumpshot)
רבע 4,02:50,69-71,נבו זומרפלד שחקן נכנס למשחק
רבע 4,02:50,69-71,עילי שאול שחקן יוצא מהמגרש
רבע 4,02:05,72-75,ים שפריר קליעת עונשין (2of2)
רבע 4,02:05,72-74,ים שפריר קליעת עונשין (1of2)
רבע 4,02:05,72-73,ים שפריר סחט עבירה
רבע 4,02:05,72-73,רוברט טרנר עבירה אישית (personal)
רבע 4,02:10,72-73,רוברט טרנר קליעה 3 נק׳ (jumpshot)
רבע 4,02:13,69-73,דווייט וילסון ריבאונד התקפה
רבע 4,02:17,69-73,בן גולד החטיא 3 נק׳ (jumpshot)
רבע 4,02:25,69-73,נבו זומרפלד אסיסט
רבע 4,02:25,69-73,קינדל היל קליעה 2 נק׳ (jumpshot)
רבע 4,02:55,69-71,ים שפריר ריבאונד התקפה
רבע 4,02:58,69-71,עילי שאול החטיא 2 נק׳ (pullupjumpshot)
רבע 4,03:19,66-71,רוברט טרנר ריבאונד התקפה
רבע 4,03:19,66-71,דווייט וילסון החטיא 2 נק׳ (layup)
רבע 4,03:41,66-69,דווייט וילסון שחקן נכנס למשחק
רבע 4,03:41,66-69,נועם יעקובי שחקן יוצא מהמגרש
רבע 4,03:40,66-71,ים שפריר קליעת עונשין (2of2)
רבע 4,03:40,66-70,ים שפריר קליעת עונשין (1of2)
רבע 4,05:37,66-69,רוברט טרנר סחט עבירה
רבע 4,05:37,66-69,ים שפריר עבירה אישית (personal)
רבע 4,03:40,66-69,ים שפריר ריבאונד התקפה
רבע 4,03:42,66-69,גל שטרנברג החטיא 2 נק׳ (layup)
רבע 4,03:51,66-69,עילי שאול חטיפה
רבע 4,03:51,66-69,נועם יעקובי איבוד כדור
רבע 4,03:53,66-69,מכבי אשדוד ריבאונד התקפה
רבע 4,03:54,66-69,רוברט טרנר החטיא 2 נק׳ (layup)
רבע 4,04:07,66-69,אמרי שביט ריבאונד הגנה
רבע 4,04:10,66-69,קינדל היל החטיא 2 נק׳ (layup)
רבע 4,04:36,66-69,בן גולד שחקן נכנס למשחק
רבע 4,04:36,66-69,דווייט וילסון שחקן יוצא מהמגרש
רבע 4,04:37,66-69,קינדל היל סחט עבירה
רבע 4,04:37,66-69,רוברט טרנר איבוד כדור
רבע 4,04:37,66-69,רוברט טרנר עבירה אישית (offensive)
רבע 4,04:54,66-69,דווייט וילסון ריבאונד הגנה
רבע 4,04:58,66-69,גל שטרנברג החטיא 3 נק׳ (jumpshot)
רבע 4,05:04,66-69,גל שטרנברג ריבאונד הגנה
רבע 4,05:08,66-69,עמית ראובן החטיא 2 נק׳ (layup)
רבע 4,05:13,66-69,דווייט וילסון ריבאונד הגנה
רבע 4,05:16,66-69,ים שפריר החטיא 3 נק׳ (jumpshot)
רבע 4,05:25,66-69,ים שפריר ריבאונד הגנה
רבע 4,05:29,66-69,רוברט טרנר החטיא 3 נק׳ (jumpshot)
רבע 4,05:37,66-69,דווייט וילסון ריבאונד הגנה
רבע 4,05:37,66-69,קינדל היל החטיא 2 נק׳ (layup)
רבע 4,05:39,66-69,קינדל היל ריבאונד התקפה
רבע 4,05:44,66-69,עילי שאול החטיא 2 נק׳ (jumpshot)
רבע 4,06:05,66-69,עילי שאול ריבאונד הגנה
רבע 4,06:08,66-69,עמית ראובן החטיא 3 נק׳ (jumpshot)
רבע 4,06:26,66-69,אמרי שביט שחקן נכנס למשחק
רבע 4,06:26,66-69,בן גולד שחקן יוצא מהמגרש
רבע 4,06:26,66-69,מכבי אשדוד פסק זמן
רבע 4,06:28,66-69,עילי שאול קליעה 3 נק׳ (jumpshot)
רבע 4,06:41,66-66,עמרי שלף קליעת עונשין (2of2)
רבע 4,06:41,66-65,עמרי שלף קליעת עונשין (1of2)
רבע 4,06:41,66-64,גל שטרנברג שחקן נכנס למשחק
רבע 4,06:41,66-64,יונתן קלר שחקן יוצא מהמגרש
רבע 4,06:41,66-64,עמרי שלף סחט עבירה
רבע 4,06:41,66-64,בן גולד עבירה אישית (unsportsmanlike)
רבע 4,06:49,66-64,דווייט וילסון קליעה 2 נק׳ (tipinlayup)
רבע 4,06:49,64-64,דווייט וילסון ריבאונד התקפה
רבע 4,06:56,64-64,עמית ראובן החטיא 2 נק׳ (layup)
רבע 4,07:13,64-64,עמית ראובן סחט עבירה
רבע 4,07:13,64-64,עמרי שלף עבירה אישית (personal)
רבע 4,07:13,64-64,בן גולד ריבאונד הגנה
רבע 4,07:17,64-64,ים שפריר החטיא 3 נק׳ (jumpshot)
רבע 4,07:36,64-64,עמית ראובן איבוד כדור
רבע 4,07:44,64-64,עמרי שלף שחקן נכנס למשחק
רבע 4,07:44,64-64,אוהד דקל שחקן יוצא מהמגרש
רבע 4,07:44,64-64,דווייט וילסון סחט עבירה
רבע 4,07:44,64-64,יונתן קלר עבירה אישית (personal)
רבע 4,07:55,64-64,קינדל היל קליעה 2 נק׳ (tipinlayup)
רבע 4,07:55,64-62,קינדל היל ריבאונד התקפה
רבע 4,08:02,64-62,עילי שאול החטיא 3 נק׳ (jumpshot)
רבע 4,08:21,64-62,עילי שאול ריבאונד הגנה
רבע 4,08:25,64-62,בן גולד החטיא 2 נק׳ (layup)
רבע 4,08:26,64-62,בן גולד ריבאונד התקפה
רבע 4,08:29,64-62,רוברט טרנר החטיא 3 נק׳ (jumpshot)
רבע 4,08:33,64-62,דווייט וילסון ריבאונד הגנה
רבע 4,08:37,64-62,עילי שאול החטיא 2 נק׳ (jumpshot)
רבע 4,08:54,64-62,עמית ראובן אסיסט
רבע 4,08:54,64-62,נועם יעקובי קליעה 3 נק׳ (jumpshot)
רבע 4,09:11,61-62,יונתן קלר קליעה 2 נק׳ (layup)
רבע 4,09:20,61-60,רוברט טרנר קליעה 2 נק׳ (layup)
רבע 4,09:32,59-60,רוברט טרנר חטיפה
רבע 4,09:32,59-60,עילי שאול איבוד כדור
רבע 4,09:49,59-60,עמית ראובן אסיסט
רבע 4,09:49,59-60,דווייט וילסון קליעה 2 נק׳ (layup)
רבע 4,10:00,57-60,עילי שאול שחקן נכנס למשחק
רבע 4,10:00,57-60,איתם כהן שחקן יוצא מהמגרש
רבע 3,00:03,57-60,רוברט טרנר החטיא 3 נק׳ (jumpshot)
רבע 3,00:03,57-60,רוברט טרנר ריבאונד הגנה
רבע 3,00:03,57-60,אוהד דקל החטיא 3 נק׳ (jumpshot)
רבע 3,00:24,57-60,ים שפריר ריבאונד הגנה
רבע 3,00:25,57-60,בן גולד החטיא 3 נק׳ (jumpshot)
רבע 3,00:44,57-60,נועם יעקובי חטיפה
רבע 3,00:44,57-60,איתם כהן איבוד כדור
רבע 3,00:50,57-60,עמית ראובן קליעה 2 נק׳ (layup)
רבע 3,00:53,55-60,בן גולד ריבאונד הגנה
רבע 3,00:57,55-60,יונתן קלר החטיא 2 נק׳ (jumpshot)
רבע 3,01:08,55-60,ים שפריר ריבאונד הגנה
רבע 3,01:08,55-60,דווייט וילסון זריקת עונשין (2of2)
רבע 3,01:08,55-60,דווייט וילסון קליעת עונשין (1of2)
רבע 3,01:08,54-60,קינדל היל שחקן נכנס למשחק
רבע 3,01:08,54-60,איתם כהן שחקן נכנס למשחק
רבע 3,01:08,54-60,עמרי שלף שחקן יוצא מהמגרש
רבע 3,01:08,54-60,גל שטרנברג שחקן יוצא מהמגרש
רבע 3,01:08,54-60,דווייט וילסון סחט עבירה
רבע 3,01:08,54-60,גל שטרנברג עבירה אישית (personal)
רבע 3,01:11,54-60,עמית ראובן ריבאונד התקפה
רבע 3,01:16,54-60,עמית ראובן החטיא 3 נק׳ (jumpshot)
רבע 3,01:30,54-60,בן גולד ריבאונד הגנה
רבע 3,01:41,54-60,בן גולד חסימה של
רבע 3,01:41,54-60,גל שטרנברג החטיא 2 נק׳ (layup)
רבע 3,02:00,54-60,נועם יעקובי אסיסט
רבע 3,02:00,54-60,דווייט וילסון קליעה 2 נק׳ (layup)
רבע 3,02:05,52-60,עמית ראובן ריבאונד התקפה
רבע 3,02:08,52-60,בן גולד החטיא 3 נק׳ (jumpshot)
רבע 3,02:18,52-60,עמרי שלף קליעת עונשין (2of2)
רבע 3,02:18,52-59,עמרי שלף קליעת עונשין (1of2)
רבע 3,02:18,52-58,עמרי שלף סחט עבירה
רבע 3,02:18,52-58,נועם יעקובי עבירה אישית (personal)
רבע 3,02:39,52-58,עמית ראובן אסיסט
רבע 3,02:39,52-58,בן גולד קליעה 3 נק׳ (jumpshot)
רבע 3,02:50,49-58,יונתן קלר קליעה 2 נק׳ (floatingjumpshot)
רבע 3,03:10,49-56,יונתן קלר שחקן נכנס למשחק
רבע 3,03:10,49-56,עילי שאול שחקן יוצא מהמגרש
רבע 3,03:10,49-56,מ.כ עוטף דרום פסק זמן
רבע 3,03:11,49-56,רוברט טרנר אסיסט
רבע 3,03:11,49-56,עמית ראובן קליעה 3 נק׳ (jumpshot)
רבע 3,03:13,46-56,דווייט וילסון ריבאונד הגנה
רבע 3,03:22,46-56,אוהד דקל החטיא 3 נק׳ (jumpshot)
רבע 3,03:35,46-56,נועם יעקובי אסיסט
רבע 3,03:35,46-56,בן גולד קליעה 3 נק׳ (jumpshot)
רבע 3,03:51,43-56,ים שפריר אסיסט
רבע 3,03:51,43-56,עמרי שלף קליעה 3 נק׳ (jumpshot)
רבע 3,04:14,43-53,נועם יעקובי קליעת עונשין (2of2)
רבע 3,04:14,42-53,נועם יעקובי זריקת עונשין (1of2)
רבע 3,04:15,42-53,עמית ראובן שחקן נכנס למשחק
רבע 3,04:15,42-53,אמרי שביט שחקן יוצא מהמגרש
רבע 3,04:15,42-53,ים שפריר שחקן נכנס למשחק
רבע 3,04:15,42-53,נבו זומרפלד שחקן יוצא מהמגרש
רבע 3,04:15,42-53,נועם יעקובי סחט עבירה
רבע 3,04:15,42-53,נבו זומרפלד עבירה אישית (personal)
רבע 3,04:18,42-53,נועם יעקובי חטיפה
רבע 3,04:18,42-53,עמרי שלף איבוד כדור
רבע 3,04:20,42-53,גל שטרנברג ריבאונד הגנה
רבע 3,04:26,42-53,אמרי שביט החטיא 3 נק׳ (jumpshot)
רבע 3,04:58,42-53,אמרי שביט סחט עבירה
רבע 3,04:58,42-53,עמרי שלף עבירה אישית (personal)
רבע 3,05:00,42-53,אמרי שביט ריבאונד הגנה
רבע 3,05:03,42-53,קינדל היל החטיא 3 נק׳ (jumpshot)
רבע 3,05:21,42-53,נועם יעקובי איבוד כדור
רבע 3,05:33,42-53,נועם יעקובי סחט עבירה
רבע 3,05:33,42-53,נבו זומרפלד עבירה אישית (personal)
רבע 3,05:35,42-53,דווייט וילסון ריבאונד הגנה
רבע 3,05:38,42-53,נבו זומרפלד החטיא 3 נק׳ (jumpshot)
רבע 3,05:54,42-53,קינדל היל ריבאונד הגנה
רבע 3,06:00,42-53,דווייט וילסון החטיא 2 נק׳ (layup)
רבע 3,06:15,42-53,מכבי אשדוד פסק זמן
רבע 3,06:17,42-53,עילי שאול אסיסט
רבע 3,06:17,42-53,גל שטרנברג קליעה 3 נק׳ (jumpshot)
רבע 3,06:25,42-50,עילי שאול סחט עבירה
רבע 3,06:25,42-50,נועם יעקובי עבירה אישית (personal)
רבע 3,06:43,42-50,בן גולד שחקן נכנס למשחק
רבע 3,06:43,42-50,רביב פיטשון שחקן יוצא מהמגרש
רבע 3,06:43,42-50,עילי שאול סחט עבירה
רבע 3,06:43,42-50,רביב פיטשון איבוד כדור
רבע 3,06:43,42-50,רביב פיטשון עבירה אישית (offensive)
רבע 3,06:54,42-50,קינדל היל איבוד כדור
רבע 3,07:07,42-50,נבו זומרפלד ריבאונד הגנה
רבע 3,07:07,42-50,מ.כ עוטף דרום jumpball
רבע 3,07:12,42-50,רביב פיטשון החטיא 2 נק׳ (layup)
רבע 3,07:32,42-50,נועם יעקובי סחט עבירה
רבע 3,07:32,42-50,נבו זומרפלד איבוד כדור
רבע 3,07:32,42-50,נבו זומרפלד עבירה אישית (offensive)
רבע 3,07:32,42-50,נבו זומרפלד ריבאונד הגנה
רבע 3,07:36,42-50,רביב פיטשון החטיא 2 נק׳ (layup)
רבע 3,07:38,42-50,רביב פיטשון ריבאונד התקפה
רבע 3,07:42,42-50,רוברט טרנר החטיא 3 נק׳ (jumpshot)
רבע 3,07:54,42-50,גל שטרנברג קליעה 2 נק׳ (jumpshot)
רבע 3,08:08,42-48,נבו זומרפלד קליעת עונשין (2of2)
רבע 3,08:08,42-47,נבו זומרפלד זריקת עונשין (1of2)
רבע 3,08:08,42-47,נועם יעקובי שחקן נכנס למשחק
רבע 3,08:08,42-47,עמית ראובן שחקן יוצא מהמגרש
רבע 3,08:08,42-47,נבו זומרפלד סחט עבירה
רבע 3,08:08,42-47,עמית ראובן עבירה אישית (unsportsmanlike)
רבע 3,08:10,42-47,נבו זומרפלד ריבאונד הגנה
רבע 3,08:15,42-47,רוברט טרנר החטיא 3 נק׳ (jumpshot)
רבע 3,08:28,42-47,גל שטרנברג אסיסט
רבע 3,08:28,42-47,נבו זומרפלד קליעה 2 נק׳ (jumpshot)
רבע 3,08:52,42-45,דווייט וילסון קליעת עונשין (2of2)
רבע 3,08:52,41-45,דווייט וילסון זריקת עונשין (1of2)
רבע 3,08:52,41-45,דווייט וילסון סחט עבירה
רבע 3,08:52,41-45,קינדל היל עבירה אישית (personal)
רבע 3,09:11,41-45,מכבי אשדוד ריבאונד הגנה
רבע 3,09:12,41-45,קינדל היל החטיא 2 נק׳ (layup)
רבע 3,09:15,41-45,נבו זומרפלד ריבאונד התקפה
רבע 3,09:18,41-45,קינדל היל החטיא 2 נק׳ (jumpshot)
רבע 3,09:38,41-45,קינדל היל ריבאונד הגנה
רבע 3,09:41,41-45,עמית ראובן החטיא 3 נק׳ (jumpshot)
רבע 3,09:43,41-45,דווייט וילסון ריבאונד התקפה
רבע 3,09:50,41-45,רוברט טרנר החטיא 2 נק׳ (jumpshot)
רבע 3,10:00,41-45,אמרי שביט שחקן נכנס למשחק
רבע 3,10:00,41-45,רוברט טרנר שחקן נכנס למשחק
רבע 3,10:00,41-45,בר שינבוים שחקן יוצא מהמגרש
רבע 3,10:00,41-45,שחר שלמון שחקן יוצא מהמגרש
רבע 3,10:00,41-45,נבו זומרפלד שחקן נכנס למשחק
רבע 3,10:00,41-45,ים שפריר שחקן יוצא מהמגרש
רבע 1,00:36,21-20,נועם יעקובי אסיסט
רבע 2,00:02,41-45,עמית ראובן החטיא 3 נק׳ (jumpshot)
רבע 2,00:06,41-45,עילי שאול אסיסט
רבע 2,00:06,41-45,ים שפריר קליעה 3 נק׳ (jumpshot)
רבע 2,00:29,41-42,ים שפריר חטיפה
רבע 2,00:29,41-42,עמית ראובן איבוד כדור
רבע 2,00:34,41-42,דווייט וילסון ריבאונד הגנה
רבע 2,00:36,41-42,עמרי שלף החטיא 3 נק׳ (jumpshot)
רבע 2,00:54,41-42,שחר שלמון שחקן נכנס למשחק
רבע 2,00:54,41-42,רוברט טרנר שחקן יוצא מהמגרש
רבע 2,00:54,41-42,ים שפריר שחקן נכנס למשחק
רבע 2,00:54,41-42,איתם כהן שחקן יוצא מהמגרש
רבע 2,00:54,41-42,מ.כ עוטף דרום פסק זמן
רבע 2,00:55,41-42,דווייט וילסון אסיסט
רבע 2,00:55,41-42,רביב פיטשון קליעה 2 נק׳ (layup)
רבע 2,01:02,39-42,בר שינבוים חטיפה
רבע 2,01:02,39-42,עילי שאול איבוד כדור
רבע 2,01:06,39-42,קינדל היל ריבאונד הגנה
רבע 2,01:09,39-42,רוברט טרנר החטיא 2 נק׳ (layup)
רבע 2,01:24,39-42,עמרי שלף איבוד כדור
רבע 2,01:38,39-42,רוברט טרנר אסיסט
רבע 2,01:38,39-42,רביב פיטשון קליעה 3 נק׳ (jumpshot)
רבע 2,01:46,36-42,עמית ראובן שחקן נכנס למשחק
רבע 2,01:46,36-42,שחר שלמון שחקן יוצא מהמגרש
רבע 2,01:46,36-42,מכבי אשדוד ריבאונד התקפה
רבע 2,01:47,36-42,עמרי שלף חסימה של
רבע 2,01:47,36-42,בר שינבוים החטיא 2 נק׳ (layup)
רבע 2,02:01,36-42,דווייט וילסון ריבאונד הגנה
רבע 2,02:01,36-42,עילי שאול זריקת עונשין (1of1)
רבע 2,02:02,36-42,רוברט טרנר שחקן נכנס למשחק
רבע 2,02:02,36-42,נועם יעקובי שחקן יוצא מהמגרש
רבע 2,02:02,36-42,עילי שאול סחט עבירה
רבע 2,02:02,36-42,נועם יעקובי עבירה אישית (personal)
רבע 2,02:02,36-42,קינדל היל אסיסט
רבע 2,02:02,36-42,עילי שאול קליעה 2 נק׳ (layup)
רבע 2,02:23,36-40,רביב פיטשון קליעה 2 נק׳ (layup)
רבע 2,02:28,34-40,נועם יעקובי סחט עבירה
רבע 2,02:28,34-40,איתם כהן עבירה אישית (personal)
רבע 2,02:37,34-40,דווייט וילסון ריבאונד הגנה
רבע 2,02:40,34-40,גל שטרנברג החטיא 3 נק׳ (jumpshot)
רבע 2,02:49,34-40,בר שינבוים שחקן נכנס למשחק
רבע 2,02:49,34-40,רוברט טרנר שחקן יוצא מהמגרש
רבע 2,02:49,34-40,עילי שאול סחט עבירה
רבע 2,02:49,34-40,שחר שלמון עבירה אישית (personal)
רבע 2,02:52,34-40,קינדל היל ריבאונד הגנה
רבע 2,02:57,34-40,רוברט טרנר החטיא 2 נק׳ (jumpshot)
רבע 2,03:14,34-40,עילי שאול קליעת עונשין (2of2)
רבע 2,03:14,34-39,עילי שאול זריקת עונשין (1of2)
רבע 2,03:14,34-39,רביב פיטשון שחקן נכנס למשחק
רבע 2,03:14,34-39,אמרי שביט שחקן יוצא מהמגרש
רבע 2,03:14,34-39,עילי שאול סחט עבירה
רבע 2,03:14,34-39,אמרי שביט עבירה אישית (personal)
רבע 2,03:31,34-39,נועם יעקובי שחקן נכנס למשחק
רבע 2,03:31,34-39,עמית ראובן שחקן יוצא מהמגרש
רבע 2,03:31,34-39,קינדל היל סחט עבירה
רבע 2,03:31,34-39,אמרי שביט איבוד כדור
רבע 2,03:31,34-39,אמרי שביט עבירה אישית (offensive)
רבע 2,03:47,34-39,עילי שאול קליעה 2 נק׳ (jumpshot)
רבע 2,03:54,34-37,עילי שאול חטיפה
רבע 2,03:54,34-37,דווייט וילסון איבוד כדור
רבע 2,04:13,34-37,שחר שלמון שחקן נכנס למשחק
רבע 2,04:13,34-37,בן גולד שחקן יוצא מהמגרש
רבע 2,04:13,34-37,איתם כהן שחקן נכנס למשחק
רבע 2,04:13,34-37,ים שפריר שחקן יוצא מהמגרש
רבע 2,04:13,34-37,מכבי אשדוד פסק זמן
רבע 2,04:13,34-37,ים שפריר אסיסט
רבע 2,04:13,34-37,עמרי שלף קליעה 3 נק׳ (jumpshot)
רבע 2,04:13,34-34,קינדל היל ריבאונד התקפה
רבע 2,04:18,34-34,עילי שאול החטיא 2 נק׳ (layup)
רבע 2,04:32,34-34,עמרי שלף ריבאונד הגנה
רבע 2,04:36,34-34,עמית ראובן החטיא 3 נק׳ (jumpshot)
רבע 2,04:43,34-34,עמרי שלף קליעה 3 נק׳ (jumpshot)
רבע 2,04:57,34-31,רוברט טרנר אסיסט
רבע 2,04:57,34-31,דווייט וילסון קליעה 2 נק׳ (layup)
רבע 2,05:13,32-31,אמרי שביט ריבאונד הגנה
רבע 2,05:13,32-31,עילי שאול זריקת עונשין (2of2)
רבע 2,05:13,32-31,עילי שאול קליעת עונשין (1of2)
רבע 2,05:13,32-30,עילי שאול סחט עבירה
רבע 2,05:13,32-30,רוברט טרנר עבירה אישית (personal)
רבע 2,05:33,32-30,עמית ראובן אסיסט
רבע 2,05:33,32-30,בן גולד קליעה 3 נק׳ (jumpshot)
רבע 2,05:48,29-30,גל שטרנברג אסיסט
רבע 2,05:48,29-30,קינדל היל קליעה 2 נק׳ (layup)
רבע 2,05:56,29-28,דווייט וילסון קליעה 2 נק׳ (tipinlayup)
רבע 2,06:05,27-28,דווייט וילסון ריבאונד התקפה
רבע 2,06:08,27-28,דווייט וילסון החטיא 2 נק׳ (tipinlayup)
רבע 2,06:08,27-28,דווייט וילסון ריבאונד התקפה
רבע 2,06:15,27-28,דווייט וילסון החטיא 2 נק׳ (layup)
רבע 2,06:22,27-28,אמרי שביט ריבאונד הגנה
רבע 2,06:25,27-28,עמרי שלף החטיא 3 נק׳ (jumpshot)
רבע 2,06:37,27-28,דווייט וילסון קליעת עונשין (1of1)
רבע 2,06:37,26-28,עילי שאול שחקן נכנס למשחק
רבע 2,06:37,26-28,גל שטרנברג שחקן נכנס למשחק
רבע 2,06:37,26-28,אוהד דקל שחקן יוצא מהמגרש
רבע 2,06:37,26-28,יונתן קלר שחקן יוצא מהמגרש
רבע 2,06:37,26-28,מ.כ עוטף דרום פסק זמן
רבע 2,06:37,26-28,דווייט וילסון סחט עבירה
רבע 2,06:37,26-28,אוהד דקל עבירה אישית (personal)
רבע 2,06:37,26-28,עמית ראובן אסיסט
רבע 2,06:37,26-28,דווייט וילסון קליעה 2 נק׳ (layup)
רבע 2,06:44,24-28,דווייט וילסון ריבאונד הגנה
רבע 2,06:48,24-28,אוהד דקל החטיא 3 נק׳ (jumpshot)
רבע 2,07:09,24-28,עמית ראובן אסיסט
רבע 2,07:09,24-28,אמרי שביט קליעה 2 נק׳ (layup)
רבע 2,07:21,22-28,עמרי שלף שחקן נכנס למשחק
רבע 2,07:21,22-28,נבו זומרפלד שחקן יוצא מהמגרש
רבע 2,07:21,22-28,עמית ראובן סחט עבירה
רבע 2,07:21,22-28,ים שפריר עבירה אישית (personal)
רבע 2,07:22,22-28,בן גולד ריבאונד הגנה
רבע 2,07:27,22-28,ים שפריר החטיא 3 נק׳ (jumpshot)
רבע 2,07:35,22-28,בן גולד שחקן נכנס למשחק
רבע 2,07:35,22-28,בר שינבוים שחקן יוצא מהמגרש
רבע 2,07:35,22-28,רוברט טרנר איבוד כדור
רבע 2,08:02,22-28,יונתן קלר אסיסט
רבע 2,08:02,22-28,ים שפריר קליעה 3 נק׳ (jumpshot)
רבע 2,08:20,22-25,יונתן קלר ריבאונד הגנה
רבע 2,08:24,22-25,רוברט טרנר החטיא 3 נק׳ (jumpshot)
רבע 2,08:28,22-25,בר שינבוים ריבאונד התקפה
רבע 2,08:34,22-25,עמית ראובן החטיא 3 נק׳ (jumpshot)
רבע 2,08:52,22-25,יונתן קלר איבוד כדור
רבע 2,09:02,22-25,יונתן קלר ריבאונד הגנה
רבע 2,09:08,22-25,רוברט טרנר החטיא 2 נק׳ (layup)
רבע 2,09:13,22-25,רוברט טרנר חטיפה
רבע 2,09:13,22-25,נבו זומרפלד איבוד כדור
רבע 2,09:19,22-25,דווייט וילסון שחקן נכנס למשחק
רבע 2,09:19,22-25,עמית ראובן שחקן נכנס למשחק
רבע 2,09:19,22-25,רביב פיטשון שחקן יוצא מהמגרש
רבע 2,09:19,22-25,שחר שלמון שחקן יוצא מהמגרש
רבע 2,09:25,22-25,אוהד דקל חטיפה
רבע 2,09:25,22-25,רביב פיטשון איבוד כדור
רבע 2,09:49,22-25,יונתן קלר אסיסט
רבע 2,09:49,22-25,קינדל היל קליעה 3 נק׳ (jumpshot)
רבע 2,10:00,22-22,רוברט טרנר שחקן נכנס למשחק
רבע 2,10:00,22-22,נועם יעקובי שחקן יוצא מהמגרש
רבע 2,10:00,22-22,קינדל היל שחקן נכנס למשחק
רבע 2,10:00,22-22,ליעד משען שחקן יוצא מהמגרש
רבע 1,00:03,22-22,ים שפריר ריבאונד הגנה
רבע 1,00:03,22-22,נועם יעקובי החטיא 2 נק׳ (layup)
רבע 1,00:18,22-22,נבו זומרפלד אסיסט
רבע 1,00:18,22-22,יונתן קלר קליעה 2 נק׳ (layup)
רבע 1,00:36,22-20,אמרי שביט שחקן נכנס למשחק
רבע 1,00:36,22-20,רוברט טרנר שחקן יוצא מהמגרש
רבע 1,00:36,22-20,רוברט טרנר קליעת עונשין (1of1)
רבע 1,00:36,21-20,רוברט טרנר סחט עבירה
רבע 1,00:36,21-20,יונתן קלר עבירה אישית (personal)
רבע 1,00:36,21-20,רוברט טרנר קליעה 2 נק׳ (layup)
רבע 1,00:39,19-20,נועם יעקובי ריבאונד הגנה
רבע 1,00:44,19-20,יונתן קלר החטיא 3 נק׳ (jumpshot)
רבע 1,01:05,19-20,שחר שלמון אסיסט
רבע 1,01:05,19-20,בר שינבוים קליעה 3 נק׳ (jumpshot)
רבע 1,01:14,16-20,רוברט טרנר ריבאונד הגנה
רבע 1,01:18,16-20,נבו זומרפלד החטיא 3 נק׳ (jumpshot)
רבע 1,01:25,16-20,נבו זומרפלד סחט עבירה
רבע 1,01:25,16-20,נועם יעקובי עבירה אישית (personal)
רבע 1,01:35,16-20,רביב פיטשון קליעה 3 נק׳ (jumpshot)
רבע 1,01:47,13-20,נועם יעקובי סחט עבירה
רבע 1,01:47,13-20,אוהד דקל איבוד כדור
רבע 1,01:47,13-20,אוהד דקל עבירה אישית (offensive)
רבע 1,01:50,13-20,ליעד משען שחקן נכנס למשחק
רבע 1,01:50,13-20,יונתן קלר שחקן נכנס למשחק
רבע 1,01:50,13-20,עילי שאול שחקן יוצא מהמגרש
רבע 1,01:50,13-20,גל שטרנברג שחקן יוצא מהמגרש
רבע 1,01:57,13-20,גל שטרנברג ריבאונד הגנה
רבע 1,02:00,13-20,נועם יעקובי החטיא 3 נק׳ (jumpshot)
רבע 1,02:10,13-20,רוברט טרנר סחט עבירה
רבע 1,02:10,13-20,גל שטרנברג עבירה אישית (personal)
רבע 1,02:11,13-20,רוברט טרנר סחט עבירה
רבע 1,02:11,13-20,נבו זומרפלד עבירה אישית (personal)
רבע 1,02:16,13-20,בר שינבוים שחקן נכנס למשחק
רבע 1,02:16,13-20,אמרי שביט שחקן יוצא מהמגרש
רבע 1,02:16,13-20,אוהד דקל שחקן נכנס למשחק
רבע 1,02:16,13-20,קינדל היל שחקן יוצא מהמגרש
רבע 1,02:16,13-20,מכבי אשדוד פסק זמן
רבע 1,02:20,13-20,נבו זומרפלד אסיסט
רבע 1,02:20,13-20,גל שטרנברג קליעה 3 נק׳ (jumpshot)
רבע 1,02:38,13-17,נועם יעקובי איבוד כדור
רבע 1,02:44,13-17,מכבי אשדוד ריבאונד התקפה
רבע 1,02:45,13-17,רוברט טרנר החטיא 2 נק׳ (jumpshot)
רבע 1,03:00,13-17,עילי שאול אסיסט
רבע 1,03:00,13-17,קינדל היל קליעה 2 נק׳ (layup)
רבע 1,03:12,13-15,נועם יעקובי שחקן נכנס למשחק
רבע 1,03:12,13-15,עמית ראובן שחקן יוצא מהמגרש
רבע 1,03:12,13-15,נבו זומרפלד שחקן נכנס למשחק
רבע 1,03:12,13-15,עמרי שלף שחקן יוצא מהמגרש
רבע 1,03:12,13-15,קינדל היל סחט עבירה
רבע 1,03:12,13-15,עמית ראובן עבירה אישית (personal)
רבע 1,03:23,13-15,עמרי שלף ריבאונד הגנה
רבע 1,03:26,13-15,עמית ראובן החטיא 3 נק׳ (jumpshot)
רבע 1,03:35,13-15,גל שטרנברג אסיסט
רבע 1,03:35,13-15,קינדל היל קליעה 2 נק׳ (layup)
רבע 1,03:53,13-13,רוברט טרנר אסיסט
רבע 1,03:53,13-13,עמית ראובן קליעה 3 נק׳ (jumpshot)
רבע 1,04:05,10-13,גל שטרנברג קליעת עונשין (2of2)
רבע 1,04:05,10-12,עילי שאול אסיסט
רבע 1,04:05,10-12,גל שטרנברג קליעת עונשין (1of2)
רבע 1,04:06,10-11,גל שטרנברג סחט עבירה
רבע 1,04:06,10-11,שחר שלמון עבירה אישית (personal)
רבע 1,04:24,10-11,עמית ראובן קליעה 3 נק׳ (jumpshot)
רבע 1,04:30,7-11,רביב פיטשון ריבאונד הגנה
רבע 1,04:34,7-11,עמרי שלף החטיא 3 נק׳ (jumpshot)
רבע 1,04:54,7-11,רביב פיטשון שחקן נכנס למשחק
רבע 1,04:54,7-11,דווייט וילסון שחקן יוצא מהמגרש
רבע 1,04:54,7-11,דווייט וילסון איבוד כדור
רבע 1,05:01,7-11,דווייט וילסון ריבאונד הגנה
רבע 1,05:05,7-11,עמרי שלף החטיא 2 נק׳ (layup)
רבע 1,05:23,7-11,גל שטרנברג ריבאונד הגנה
רבע 1,05:23,7-11,דווייט וילסון זריקת עונשין (2of2)
רבע 1,05:24,7-11,שחר שלמון שחקן נכנס למשחק
רבע 1,05:24,7-11,בן גולד שחקן יוצא מהמגרש
רבע 1,05:23,7-11,דווייט וילסון זריקת עונשין (1of2)
רבע 1,05:24,7-11,דווייט וילסון סחט עבירה
רבע 1,05:24,7-11,קינדל היל עבירה אישית (personal)
רבע 1,05:24,7-11,דווייט וילסון ריבאונד התקפה
רבע 1,05:27,7-11,עמית ראובן החטיא 2 נק׳ (jumpshot)
רבע 1,05:45,7-11,איתם כהן אסיסט
רבע 1,05:45,7-11,גל שטרנברג קליעה 2 נק׳ (layup)
רבע 1,05:53,7-9,איתם כהן חטיפה
רבע 1,05:53,7-9,רוברט טרנר איבוד כדור
רבע 1,06:31,7-6,איתם כהן אסיסט
רבע 1,06:13,7-9,קינדל היל אסיסט
רבע 1,06:13,7-9,עמרי שלף קליעה 3 נק׳ (jumpshot)
רבע 1,06:15,7-6,קינדל היל ריבאונד הגנה
רבע 1,06:19,7-6,דווייט וילסון החטיא 2 נק׳ (layup)
רבע 1,06:31,7-6,עילי שאול קליעה 2 נק׳ (layup)
רבע 1,06:36,7-4,עילי שאול חטיפה
רבע 1,06:36,7-4,עמית ראובן איבוד כדור
רבע 1,06:38,7-4,דווייט וילסון ריבאונד הגנה
רבע 1,06:43,7-4,קינדל היל החטיא 2 נק׳ (layup)
רבע 1,07:01,7-4,אמרי שביט אסיסט
רבע 1,07:01,7-4,עמית ראובן קליעה 3 נק׳ (jumpshot)
רבע 1,07:06,4-4,אמרי שביט ריבאונד הגנה
רבע 1,07:09,4-4,גל שטרנברג החטיא 3 נק׳ (jumpshot)
רבע 1,07:24,4-4,רוברט טרנר קליעה 2 נק׳ (jumpshot)
רבע 1,07:40,2-4,עמרי שלף קליעת עונשין (2of2)
רבע 1,07:40,2-3,עמרי שלף קליעת עונשין (1of2)
רבע 1,07:40,2-2,עמרי שלף סחט עבירה
רבע 1,07:40,2-2,בן גולד עבירה אישית (personal)
רבע 1,07:46,2-2,איתם כהן חטיפה
רבע 1,07:46,2-2,עמית ראובן איבוד כדור
רבע 1,07:52,2-2,עמית ראובן ריבאונד הגנה
רבע 1,07:58,2-2,איתם כהן החטיא 3 נק׳ (jumpshot)
רבע 1,08:12,2-2,גל שטרנברג ריבאונד הגנה
רבע 1,08:15,2-2,עמית ראובן החטיא 3 נק׳ (jumpshot)
רבע 1,08:36,2-2,עמרי שלף קליעה 2 נק׳ (layup)
רבע 1,08:39,2-0,גל שטרנברג ריבאונד הגנה
רבע 1,08:44,2-0,אמרי שביט החטיא 2 נק׳ (layup)
רבע 1,08:58,2-0,דווייט וילסון ריבאונד הגנה
רבע 1,09:02,2-0,עילי שאול החטיא 3 נק׳ (jumpshot)
רבע 1,09:11,2-0,איתם כהן ריבאונד הגנה
רבע 1,09:16,2-0,בן גולד החטיא 3 נק׳ (jumpshot)
רבע 1,09:20,2-0,דווייט וילסון ריבאונד הגנה
רבע 1,09:24,2-0,קינדל היל החטיא 3 נק׳ (jumpshot)
רבע 1,09:43,2-0,רוברט טרנר קליעה 2 נק׳ (jumpshot)
רבע 1,09:58,0-0,קינדל היל jumpball
רבע 1,09:58,0-0,דווייט וילסון jumpball
רבע 1,10:00,0-0,שחקן jumpball
